{
  "type": "minecraft:chest",
  "pools": [
    {
      "rolls": {
        "min": 1.0,
        "max": 2.0,
        "type": "minecraft:uniform"
      },
      "entries": [
        {
          "type": "minecraft:item",
          "weight": 5,
          "name": "minecraft:golden_apple"
        },
        {
          "type": "minecraft:item",
          "weight": 5,
          "name": "minecraft:saddle"
        },
        {
          "type": "minecraft:item",
          "weight": 1,
          "name": "minecraft:enchanted_golden_apple"
        },
        {
          "type": "minecraft:item",
          "weight": 1,
          "name": "minecraft:diamond"
        },
        {
          "type": "minecraft:item",
          "weight": 3,
          "functions": [
            {
              "function": "minecraft:enchant_randomly",
              "enchantments": [
                "bane_of_arthropods"
              ]
            }
          ],
          "name": "minecraft:book"
        },
        {
          "type": "minecraft:item",
          "weight": 20,
          "functions": [
            {
              "function": "minecraft:enchant_randomly"
            }
          ],
          "name": "minecraft:book"
        }
      ]
    },
    {
      "rolls": {
        "min": 3.0,
        "max": 6.0,
        "type": "minecraft:uniform"
      },
      "entries": [
        {
          "type": "minecraft:item",
          "weight": 2,
          "functions": [
            {
              "function": "minecraft:set_nbt",
              "tag": "{Potion: \"minecraft:weakness\"}"
            }
          ],
          "name": "minecraft:potion"
        },
        {
          "type": "minecraft:item",
          "weight": 2,
          "functions": [
            {
              "function": "minecraft:set_nbt",
              "tag": "{Potion: \"minecraft:slowness\"}"
            }
          ],
          "name": "minecraft:potion"
        },
        {
          "type": "minecraft:item",
          "weight": 1,
          "functions": [
            {
              "function": "minecraft:set_nbt",
              "tag": "{Potion: \"minecraft:harming\"}"
            }
          ],
          "name": "minecraft:potion"
        },
        {
          "type": "minecraft:item",
          "weight": 1,
          "functions": [
            {
              "function": "minecraft:set_nbt",
              "tag": "{Potion: \"minecraft:strong_harming\"}"
            }
          ],
          "name": "minecraft:potion"
        },
        {
          "type": "minecraft:item",
          "weight": 2,
          "functions": [
            {
              "function": "minecraft:set_nbt",
              "tag": "{Potion: \"minecraft:invisibility\"}"
            }
          ],
          "name": "minecraft:potion"
        },
        {
          "type": "minecraft:item",
          "weight": 2,
          "functions": [
            {
              "function": "minecraft:set_nbt",
              "tag": "{Potion: \"minecraft:weakness\"}"
            }
          ],
          "name": "minecraft:splash_potion"
        },
        {
          "type": "minecraft:item",
          "weight": 2,
          "functions": [
            {
              "function": "minecraft:set_nbt",
              "tag": "{Potion: \"minecraft:slowness\"}"
            }
          ],
          "name": "minecraft:splash_potion"
        },
        {
          "type": "minecraft:item",
          "weight": 1,
          "functions": [
            {
              "function": "minecraft:set_nbt",
              "tag": "{Potion: \"minecraft:harming\"}"
            }
          ],
          "name": "minecraft:splash_potion"
        },
        {
          "type": "minecraft:item",
          "weight": 1,
          "functions": [
            {
              "function": "minecraft:set_nbt",
              "tag": "{Potion: \"minecraft:strong_harming\"}"
            }
          ],
          "name": "minecraft:splash_potion"
        },
        {
          "type": "minecraft:item",
          "weight": 2,
          "functions": [
            {
              "function": "minecraft:set_nbt",
              "tag": "{Potion: \"minecraft:invisibility\"}"
            }
          ],
          "name": "minecraft:splash_potion"
        }
      ]
    },
    {
      "rolls": {
        "min": 3.0,
        "max": 4.0,
        "type": "minecraft:uniform"
      },
      "entries": [
        {
          "type": "minecraft:item",
          "weight": 3,
          "functions": [
            {
              "function": "minecraft:set_count",
              "count": {
                "min": 2.0,
                "max": 5.0,
                "type": "minecraft:uniform"
              }
            }
          ],
          "name": "minecraft:spider_eye"
        },
        {
          "type": "minecraft:item",
          "weight": 3,
          "functions": [
            {
              "function": "minecraft:set_count",
              "count": {
                "min": 2.0,
                "max": 5.0,
                "type": "minecraft:uniform"
              }
            }
          ],
          "name": "minecraft:coal"
        },
        {
          "type": "minecraft:item",
          "weight": 3,
          "functions": [
            {
              "function": "minecraft:set_count",
              "count": {
                "min": 2.0,
                "max": 5.0,
                "type": "minecraft:uniform"
              }
            }
          ],
          "name": "minecraft:beetroot_seeds"
        },
        {
          "type": "minecraft:item",
          "weight": 3,
          "functions": [
            {
              "function": "minecraft:set_count",
              "count": {
                "min": 2.0,
                "max": 5.0,
                "type": "minecraft:uniform"
              }
            }
          ],
          "name": "minecraft:pumpkin_seeds"
        },
        {
          "type": "minecraft:item",
          "weight": 3,
          "functions": [
            {
              "function": "minecraft:set_count",
              "count": {
                "min": 2.0,
                "max": 5.0,
                "type": "minecraft:uniform"
              }
            }
          ],
          "name": "minecraft:melon_seeds"
        },
        {
          "type": "minecraft:item",
          "weight": 1,
          "name": "minecraft:lead"
        },
        {
          "type": "minecraft:item",
          "weight": 1,
          "name": "minecraft:name_tag"
        }
      ]
    },
    {
      "rolls": 3,
      "entries": [
        {
          "type": "minecraft:item",
          "weight": 10,
          "functions": [
            {
              "function": "minecraft:set_count",
              "count": {
                "min": 3.0,
                "max": 6.0,
                "type": "minecraft:uniform"
              }
            }
          ],
          "name": "minecraft:cobweb"
        },
        {
          "type": "minecraft:item",
          "weight": 10,
          "functions": [
            {
              "function": "minecraft:set_count",
              "count": {
                "min": 3.0,
                "max": 6.0,
                "type": "minecraft:uniform"
              }
            }
          ],
          "name": "minecraft:string"
        }
      ]
    },
    {
      "rolls": 1,
      "bonus_rolls": {
        "min": 0,
        "max": 1
      },
      "entries": [
        {
          "type": "minecraft:loot_table",
          "name": "ftbneotech:industrial"
        },
        {
          "type": "minecraft:empty"
        }
      ]
    },
    {
      "rolls": 1,
      "bonus_rolls": {
        "min": 0,
        "max": 1
      },
      "entries": [
        {
          "type": "minecraft:loot_table",
          "name": "ftbneotech:pnc"
        },
        {
          "type": "minecraft:empty"
        }
      ]
    },
    {
      "rolls": 1,
      "bonus_rolls": {
        "min": 0,
        "max": 1
      },
      "entries": [
        {
          "type": "minecraft:loot_table",
          "name": "ftbneotech:chickens"
        },
        {
          "type": "minecraft:empty"
        }
      ]
    },
    {
      "rolls": 1,
      "bonus_rolls": {
        "min": 0,
        "max": 1
      },
      "entries": [
        {
          "type": "minecraft:loot_table",
          "name": "ftbneotech:carts"
        },
        {
          "type": "minecraft:empty"
        }
      ]
    }
  ]
}