{
  "type": "minecraft:chest",
  "pools": [
    {
      "rolls": {
        "type": "minecraft:uniform",
        "min": 1.0,
        "max": 2.0
      },
      "bonus_rolls": 0.0,
      "entries": [
        {
          "type": "minecraft:item",
          "weight": 50,
          "functions": [
            {
              "function": "minecraft:set_count",
              "count": {
                "type": "minecraft:uniform",
                "min": 2.0,
                "max": 5.0
              },
              "add": false
            }
          ],
          "name": "minecraft:obsidian"
        },
        {
          "type": "minecraft:item",
          "weight": 50,
          "functions": [
            {
              "function": "minecraft:set_count",
              "count": {
                "type": "minecraft:uniform",
                "min": 1.0,
                "max": 3.0
              },
              "add": false
            }
          ],
          "name": "minecraft:crying_obsidian"
        }
      ]
    },
    {
      "rolls": {
        "type": "minecraft:uniform",
        "min": 0.0,
        "max": 1.0
      },
      "bonus_rolls": 0.0,
      "entries": [
        {
          "type": "minecraft:item",
          "weight": 10,
          "name": "modern_industrialization:bronze_ring"
        },
        {
          "type": "minecraft:item",
          "weight": 5,
          "name": "minecraft:diamond"
        }
      ]
    }
  ]
}
