{
  "type": "minecraft:block",
  "pools": [
    {
      "bonus_rolls": 0.0,
      "entries": [
        {
          "type": "minecraft:item",
          "functions": [
            {
              "add": false,
              "count": {
                "type": "minecraft:uniform",
                "max": 8.0,
                "min": 4.0
              },
              "function": "minecraft:set_count"
            }
          ],
          "name": "minecraft:cobweb",
          "weight": 9
        },
        {
          "type": "minecraft:item",
          "functions": [
            {
              "add": false,
              "count": {
                "type": "minecraft:uniform",
                "max": 8.0,
                "min": 4.0
              },
              "function": "minecraft:set_count"
            }
          ],
          "name": "minecraft:emerald",
          "weight": 8
        },
        {
          "type": "minecraft:item",
          "functions": [
            {
              "add": false,
              "count": {
                "type": "minecraft:uniform",
                "max": 16.0,
                "min": 8.0
              },
              "function": "minecraft:set_count"
            }
          ],
          "name": "minecraft:lapis_lazuli",
          "weight": 3
        },
        {
          "type": "minecraft:item",
          "functions": [
            {
              "add": false,
              "count": {
                "type": "minecraft:uniform",
                "max": 12.0,
                "min": 1.0
              },
              "function": "minecraft:set_count"
            }
          ],
          "name": "minecraft:book",
          "weight": 3
        },
        {
          "type": "minecraft:item",
          "name": "minecraft:map",
          "weight": 3
        },
        {
          "type": "minecraft:item",
          "name": "minecraft:music_disc_11"
        },
        {
          "type": "minecraft:item",
          "name": "minecraft:music_disc_13"
        },
        {
          "type": "minecraft:item",
          "name": "minecraft:music_disc_blocks"
        },
        {
          "type": "minecraft:item",
          "name": "minecraft:music_disc_chirp"
        },
        {
          "type": "minecraft:item",
          "name": "minecraft:music_disc_cat"
        },
        {
          "type": "minecraft:item",
          "name": "minecraft:music_disc_far"
        },
        {
          "type": "minecraft:item",
          "name": "minecraft:music_disc_mall"
        },
        {
          "type": "minecraft:item",
          "name": "minecraft:music_disc_mellohi"
        },
        {
          "type": "minecraft:item",
          "name": "minecraft:music_disc_stal"
        },
        {
          "type": "minecraft:item",
          "name": "minecraft:music_disc_strad"
        },
        {
          "type": "minecraft:item",
          "name": "minecraft:music_disc_wait"
        },
        {
          "type": "minecraft:item",
          "name": "minecraft:music_disc_ward"
        }
      ],
      "name": "secret room",
      "rolls": {
        "type": "minecraft:uniform",
        "max": 8.0,
        "min": 8.0
      }
    },{
      "rolls": 1,
      "bonus_rolls": {
        "min": 0,
        "max": 1
      },
      "entries": [
        {
          "type": "minecraft:loot_table",
          "name": "ftbneotech:industrial"
        },
        {
          "type": "minecraft:empty"
        }
      ]
    },
    {
      "rolls": 1,
      "bonus_rolls": {
        "min": 0,
        "max": 1
      },
      "entries": [
        {
          "type": "minecraft:loot_table",
          "name": "ftbneotech:treasure"
        }
      ]
    },
    {
      "rolls": 1,
      "bonus_rolls": {
        "min": 0,
        "max": 1
      },
      "entries": [
        {
          "type": "minecraft:loot_table",
          "name": "ftbneotech:ingots"
        },
        {
          "type": "minecraft:empty"
        }
      ]
    }
  ],
  "random_sequence": "dungeoncrawl:chests/secret_room"
}