{
  "type": "minecraft:crafting_shaped",
  "category": "misc",
  "key": {
    "a": {
      "item": "ae2:quartz_glass"
    },
    "b": {
      "tag": "forge:dusts/glowstone"
    },
    "c": {
      "tag": "ae2:all_certus_quartz"
    },
    "d": {
      "item": "modern_industrialization:aluminum_wire"
    },
    "e": {
      "tag": "forge:plates/copper"
    }
  },
  "pattern": [
    "aba",
    "bcb",
    "ded"
  ],
  "result": {
    "count": 2,
    "item": "ae2:blank_pattern"
  }
}