{
	"values": {
		"#forge:ingots/copper": 512,
		"#forge:nuggets/copper": 56.8,
		"#forge:storage_blocks/copper": 1170,
		"equivalentexchange:transmutation_table": 175000,
		"equivalentexchange:transmutation_tablet": 200000,
		"pneumaticcraft:ingot_iron_compressed": 1092,
		"#forge:ingots/iron": 256,
		"#forge:ingots/gold": 2048,
		"#forge:ingots/uranium": 4096,
		"#forge:nuggets/gold": 227.5,
		"#forge:ingots/lead": 512,
		"#forge:ingots/nickel": 1024,
		"#forge:ingots/silver": 512,
		"#forge:dusts/salt": 32,
		"#forge:ingots/tin": 256,
		"justanotherchiselmod:marble": 2,
		"#forge:ingots/bronze": 448,
		"#forge:ingots/electrum": 2560,
		"#forge:ingots/constantan": 1536,
		"solarcooker:shining_diamond_block": 73728,
		"#forge:storage_blocks/diamond": 73728,
		"actuallyadditions:black_quartz": 512,
		"minecraft:amethyst_shard": 32,
		"ae2:certus_quartz_crystal": 2048,
		"forcecraft:force_gem": 4096,
		"modern_industrialization:antimony_ingot": 512,
		"equivalentexchange:philosophers_stone": 10240,
		"actuallyadditions:rice": 24,
		"minecraft:stick": 2,
		"minecraft:red_dye": 16,
		"minecraft:redstone_torch": 128,
		"minecraft:hopper": 1344,
		"minecraft:brick": 64,
		"minecraft:nether_brick": 1,
		"minecraft:honey_bottle": 48,
		"minecraft:honeycomb": 16,
		"minecraft:sculk_vein": 4,
		"minecraft:sculk": 16,
		"minecraft:sculk_catalyst": 8040,
		"minecraft:sculk_shrieker": 32160,
		"minecraft:sculk_sensor": 3952,
		"minecraft:soul_soil": 49,
		"minecraft:warped_nylium": 2,
		"minecraft:crimson_nylium": 2,
		"minecraft:enchanted_golden_apple": 147584,
		"minecraft:bread": 72,
		"minecraft:glow_ink_sac": 384,
		"minecraft:echo_shard": 192,
		"#minecraft:decorated_pot_sherds": 216,
		"immersiveengineering:treated_wood_horizontal": 136,
		"modern_industrialization:sulfur_dust": 32,
		"modern_industrialization:rubber_sheet": 416,
		"modern_industrialization:steel_drill": 32000,
		"modern_industrialization:titanium_drill": 96000,
		"modern_industrialization:aluminum_drill": 48000,
		"modern_industrialization:bronze_drill": 12256,
		"modern_industrialization:copper_drill": 8192,
		"modern_industrialization:gold_drill": 28000,
		"modern_industrialization:stainless_steel_drill": 64000,
		"ae2:fluix_glass_cable": 1024,
		"ae2:fluix_smart_cable": 1472,
		"ae2:fluix_smart_dense_cable": 5888,
		"modern_industrialization:bauxite_dust": 256,
		"pneumaticcraft:reinforced_pressure_tube": 512,
		"pneumaticcraft:advanced_pressure_tube": 768,
		"mekanism:upgrade_speed": 2048,
		"mekanism:upgrade_energy": 1152,
		"simpleteleporters:teleporter": 4096,
		"actuallyadditions:laser_relay": 8192,
		"ae2:advanced_card": 8416,
		"ae2:basic_card": 2048,
		"equivalentexchange:condenser": 256000,
		"equivalentexchange:basic_collector": 64000,
		"pamhc2foodcore:epicbaconitem": 680,
		"minecraft:sentry_armor_trim_smithing_template": 57349,
		"minecraft:vex_armor_trim_smithing_template": 57349,
		"minecraft:wild_armor_trim_smithing_template": 57349,
		"minecraft:coast_armor_trim_smithing_template": 57349,
		"minecraft:dune_armor_trim_smithing_template": 57349,
		"minecraft:wayfinder_armor_trim_smithing_template": 57349,
		"minecraft:raiser_armor_trim_smithing_template": 57349,
		"minecraft:shaper_armor_trim_smithing_template": 57349,
		"minecraft:host_armor_trim_smithing_template": 57349
	}
}
