{
  "type": "minecraft:chest",
  "pools": [
    {
      "rolls": {
        "min": 1.0,
        "max": 3.0,
        "type": "minecraft:uniform"
      },
      "entries": [
        {
          "type": "minecraft:item",
          "weight": 5,
          "name": "minecraft:wooden_sword"
        },
        {
          "type": "minecraft:item",
          "weight": 2,
          "functions": [
            {
              "function": "minecraft:enchant_with_levels",
              "levels": 10,
              "treasure": true
            }
          ],
          "name": "minecraft:wooden_sword"
        },
        {
          "type": "minecraft:item",
          "weight": 5,
          "name": "minecraft:iron_sword"
        },
        {
          "type": "minecraft:item",
          "weight": 1,
          "functions": [
            {
              "function": "minecraft:enchant_with_levels",
              "levels": 20,
              "treasure": true
            }
          ],
          "name": "minecraft:iron_sword"
        },
        {
          "type": "minecraft:item",
          "weight": 1,
          "name": "minecraft:diamond_sword"
        },
        {
          "type": "minecraft:item",
          "weight": 1,
          "functions": [
            {
              "function": "minecraft:enchant_with_levels",
              "levels": 30,
              "treasure": true
            }
          ],
          "name": "minecraft:diamond_sword"
        },
        {
          "type": "minecraft:item",
          "weight": 5,
          "name": "minecraft:leather_helmet"
        },
        {
          "type": "minecraft:item",
          "weight": 5,
          "name": "minecraft:leather_chestplate"
        },
        {
          "type": "minecraft:item",
          "weight": 5,
          "name": "minecraft:leather_leggings"
        },
        {
          "type": "minecraft:item",
          "weight": 5,
          "name": "minecraft:leather_boots"
        },
        {
          "type": "minecraft:item",
          "weight": 3,
          "name": "minecraft:chainmail_helmet"
        },
        {
          "type": "minecraft:item",
          "weight": 3,
          "name": "minecraft:chainmail_chestplate"
        },
        {
          "type": "minecraft:item",
          "weight": 3,
          "name": "minecraft:chainmail_leggings"
        },
        {
          "type": "minecraft:item",
          "weight": 3,
          "name": "minecraft:chainmail_boots"
        },
        {
          "type": "minecraft:item",
          "weight": 5,
          "name": "minecraft:iron_helmet"
        },
        {
          "type": "minecraft:item",
          "weight": 1,
          "functions": [
            {
              "function": "minecraft:enchant_with_levels",
              "levels": 20,
              "treasure": true
            }
          ],
          "name": "minecraft:iron_helmet"
        },
        {
          "type": "minecraft:item",
          "weight": 5,
          "name": "minecraft:iron_chestplate"
        },
        {
          "type": "minecraft:item",
          "weight": 1,
          "functions": [
            {
              "function": "minecraft:enchant_with_levels",
              "levels": 20,
              "treasure": true
            }
          ],
          "name": "minecraft:iron_chestplate"
        },
        {
          "type": "minecraft:item",
          "weight": 5,
          "name": "minecraft:iron_leggings"
        },
        {
          "type": "minecraft:item",
          "weight": 1,
          "functions": [
            {
              "function": "minecraft:enchant_with_levels",
              "levels": 20,
              "treasure": true
            }
          ],
          "name": "minecraft:iron_leggings"
        },
        {
          "type": "minecraft:item",
          "weight": 5,
          "name": "minecraft:iron_boots"
        },
        {
          "type": "minecraft:item",
          "weight": 1,
          "functions": [
            {
              "function": "minecraft:enchant_with_levels",
              "levels": 20,
              "treasure": true
            }
          ],
          "name": "minecraft:iron_boots"
        },
        {
          "type": "minecraft:item",
          "weight": 1,
          "name": "minecraft:diamond_helmet"
        },
        {
          "type": "minecraft:item",
          "weight": 1,
          "functions": [
            {
              "function": "minecraft:enchant_with_levels",
              "levels": 30,
              "treasure": true
            }
          ],
          "name": "minecraft:diamond_helmet"
        },
        {
          "type": "minecraft:item",
          "weight": 1,
          "name": "minecraft:diamond_chestplate"
        },
        {
          "type": "minecraft:item",
          "weight": 1,
          "functions": [
            {
              "function": "minecraft:enchant_with_levels",
              "levels": 30,
              "treasure": true
            }
          ],
          "name": "minecraft:diamond_chestplate"
        },
        {
          "type": "minecraft:item",
          "weight": 1,
          "name": "minecraft:diamond_leggings"
        },
        {
          "type": "minecraft:item",
          "weight": 1,
          "functions": [
            {
              "function": "minecraft:enchant_with_levels",
              "levels": 30,
              "treasure": true
            }
          ],
          "name": "minecraft:diamond_leggings"
        },
        {
          "type": "minecraft:item",
          "weight": 1,
          "name": "minecraft:diamond_boots"
        },
        {
          "type": "minecraft:item",
          "weight": 1,
          "functions": [
            {
              "function": "minecraft:enchant_with_levels",
              "levels": 30,
              "treasure": true
            }
          ],
          "name": "minecraft:diamond_boots"
        },
        {
          "type": "minecraft:item",
          "weight": 6,
          "name": "minecraft:shield"
        },
        {
          "type": "minecraft:item",
          "weight": 5,
          "name": "minecraft:bow"
        },
        {
          "type": "minecraft:item",
          "weight": 1,
          "functions": [
            {
              "function": "minecraft:enchant_with_levels",
              "levels": 30,
              "treasure": true
            }
          ],
          "name": "minecraft:bow"
        },
        {
          "type": "minecraft:item",
          "weight": 7,
          "functions": [
            {
              "function": "minecraft:set_count",
              "count": {
                "min": 2.0,
                "max": 7.0,
                "type": "minecraft:uniform"
              }
            }
          ],
          "name": "minecraft:coal"
        },
        {
          "type": "minecraft:item",
          "weight": 7,
          "functions": [
            {
              "function": "minecraft:set_count",
              "count": {
                "min": 2.0,
                "max": 7.0,
                "type": "minecraft:uniform"
              }
            }
          ],
          "name": "minecraft:charcoal"
        }
      ]
    },{
      "rolls": 1,
      "bonus_rolls": {
        "min": 0,
        "max": 1
      },
      "entries": [
        {
          "type": "minecraft:loot_table",
          "name": "ftbneotech:pnc"
        },
        {
          "type": "minecraft:empty"
        }
      ]
    },
    {
      "rolls": 1,
      "bonus_rolls": {
        "min": 0,
        "max": 1
      },
      "entries": [
        {
          "type": "minecraft:loot_table",
          "name": "ftbneotech:treasure"
        },
        {
          "type": "minecraft:empty"
        }
      ]
    },
    {
      "rolls": 1,
      "bonus_rolls": {
        "min": 0,
        "max": 1
      },
      "entries": [
        {
          "type": "minecraft:loot_table",
          "name": "ftbneotech:treasure"
        },
        {
          "type": "minecraft:empty"
        }
      ]
    }
  ]
}