{
  "type": "minecraft:chest",
  "pools": [
    {
      "rolls": {
        "min": 4.0,
        "max": 6.0,
        "type": "minecraft:uniform"
      },
      "entries": [
        {
          "type": "minecraft:item",
          "weight": 10,
          "functions": [
            {
              "function": "minecraft:set_count",
              "count": {
                "min": 3.0,
                "max": 6.0,
                "type": "minecraft:uniform"
              }
            }
          ],
          "name": "minecraft:bone"
        },
        {
          "type": "minecraft:item",
          "weight": 5,
          "functions": [
            {
              "function": "minecraft:set_count",
              "count": {
                "min": 3.0,
                "max": 6.0,
                "type": "minecraft:uniform"
              }
            }
          ],
          "name": "minecraft:bone_meal"
        },
        {
          "type": "minecraft:item",
          "weight": 1,
          "name": "minecraft:ender_pearl"
        },
        {
          "type": "minecraft:item",
          "weight": 2,
          "name": "minecraft:diamond"
        },
        {
          "type": "minecraft:item",
          "weight": 1,
          "name": "minecraft:iron_sword"
        }
      ]
    }
  ]
}